B827EB495B2C	AS-IISNRL-001	0	0
B827EBF748E9	AS-IISNRL-002	0	0
B827EB884872	AS-IISNRL-003	25.0413	121.6144
B827EB823999	AS-IISNRL-004	25.0421	121.6162
B827EBE56389	AS-IISNRL-005	0	0
B827EBF3CD11	AS-IISNRL-006-S	0	0
B827EBB8E401	AS-IISNRL-007-S	0	0
B827EB611915	AS-IISNRL-008-C	0	0
B827EB9E3F9B	AS-NTU-001	25.014409	121.53929
B827EB868D36	AS-NTU-002	25.014409	121.53919
B827EBFDDF30	AS-SSRP-001	25.04254	121.61715
B827EBBA0694	AS-SSRP-002	25.04254	121.61705
